1,1,1,1,90,Cooler,11/25/2013 20:00,11/25/2013 20:00,0.00
2,1,2,1,90,Cabinet,11/25/2013 20:00,11/25/2013 20:00,0.00
3,1,3,1,90,Box,11/25/2013 20:00,11/25/2013 20:00,0.00
4,1,4,1,90,Box,11/25/2013 20:00,11/25/2013 20:00,0.00
5,1,5,1,90,Box,11/25/2013 20:00,11/25/2013 20:00,0.00
6,1,6,1,90,Box,11/25/2013 20:00,11/25/2013 20:00,0.00
7,1,7,1,90,Box,11/25/2013 20:00,11/25/2013 20:00,0.00
8,1,8,1,90,Box,11/25/2013 20:00,11/25/2013 20:00,0.00
9,1,9,1,90,Box,11/25/2013 20:00,11/25/2013 20:00,0.00
10,1,10,1,90,Box,11/25/2013 20:00,11/25/2013 20:00,0.00
11,1,11,1,90,Box,11/25/2013 20:00,11/25/2013 20:00,0.00
12,1,12,1,90,Box,11/25/2013 20:00,11/25/2013 20:00,0.00
13,1,13,1,90,Box,11/25/2013 20:00,11/25/2013 20:00,0.00
14,1,14,1,90,Box,11/25/2013 20:00,11/25/2013 20:00,0.00
15,1,15,1,90,Box,11/25/2013 20:00,11/25/2013 20:00,0.00
16,1,16,1,90,Box,11/25/2013 20:00,11/25/2013 20:00,0.00
17,1,17,1,90,Box,11/25/2013 20:00,11/25/2013 20:00,0.00
18,1,18,1,90,Box,11/25/2013 20:00,11/25/2013 20:00,0.00
19,1,19,1,90,Box,11/25/2013 20:00,11/25/2013 20:00,0.00
20,1,20,1,90,Box,11/25/2013 20:00,11/25/2013 20:00,0.00
21,1,21,1,90,Box,11/25/2013 20:00,11/25/2013 20:00,0.00
22,1,22,1,90,Box,11/25/2013 20:00,11/25/2013 20:00,0.00
23,1,23,1,90,Box,11/25/2013 20:00,11/25/2013 20:00,0.00
24,1,24,1,90,Box,11/25/2013 20:00,11/25/2013 20:00,0.00
25,1,25,1,90,Box,11/25/2013 20:00,11/25/2013 20:00,0.00
26,1,26,1,90,Box,11/25/2013 20:00,11/25/2013 20:00,0.00
27,1,27,1,90,Box,11/25/2013 20:00,11/25/2013 20:00,0.00
28,1,28,1,90,Box,11/25/2013 20:00,11/25/2013 20:00,0.00
29,1,29,1,90,Box,11/25/2013 20:00,11/25/2013 20:00,0.00
30,1,30,1,90,Box,11/25/2013 20:00,11/25/2013 20:00,0.00
31,1,31,1,90,Box,11/25/2013 20:00,11/25/2013 20:00,0.00
32,1,32,1,90,Box,11/25/2013 20:00,11/25/2013 20:00,0.00
33,1,33,1,90,Box,11/25/2013 20:00,11/25/2013 20:00,0.00
34,1,34,1,90,Box,11/25/2013 20:00,11/25/2013 20:00,0.00
35,1,35,1,90,Box,11/25/2013 20:00,11/25/2013 20:00,0.00
36,1,36,1,90,Box,11/25/2013 20:00,11/25/2013 20:00,0.00
37,1,37,1,90,Box,11/25/2013 20:00,11/25/2013 20:00,0.00
38,1,38,1,90,Box,11/25/2013 20:00,11/25/2013 20:00,0.00
39,1,39,1,90,Box,11/25/2013 20:00,11/25/2013 20:00,0.00
40,1,40,1,90,Box,11/25/2013 20:00,11/25/2013 20:00,0.00
41,1,41,1,90,Box,11/25/2013 20:00,11/25/2013 20:00,0.00
42,1,42,1,90,Box,11/25/2013 20:00,11/25/2013 20:00,0.00
43,1,43,1,90,Box,11/25/2013 20:00,11/25/2013 20:00,0.00
44,1,44,1,90,Box,11/25/2013 20:00,11/25/2013 20:00,0.00
45,1,45,1,90,Box,11/25/2013 20:00,11/25/2013 20:00,0.00
46,1,46,1,90,Box,11/25/2013 20:00,11/25/2013 20:00,0.00
47,1,47,1,90,Box,11/25/2013 20:00,11/25/2013 20:00,0.00
48,1,48,1,90,Box,11/25/2013 20:00,11/25/2013 20:00,0.00
49,1,49,1,90,Box,11/25/2013 20:00,11/25/2013 20:00,0.00
50,1,50,1,90,Box,11/25/2013 20:00,11/25/2013 20:00,0.00
51,1,51,1,90,Box,11/25/2013 20:00,11/25/2013 20:00,0.00
52,1,52,1,90,Box,11/25/2013 20:00,11/25/2013 20:00,0.00
53,1,53,1,90,Box,11/25/2013 20:00,11/25/2013 20:00,0.00
54,1,54,1,90,Box,11/25/2013 20:00,11/25/2013 20:00,0.00
55,1,55,1,90,Box,11/25/2013 20:00,11/25/2013 20:00,0.00
56,1,56,1,90,Box,11/25/2013 20:00,11/25/2013 20:00,0.00
57,1,57,1,90,Box,11/25/2013 20:00,11/25/2013 20:00,0.00
58,1,58,1,90,Box,11/25/2013 20:00,11/25/2013 20:00,0.00
59,1,59,1,90,Box,11/25/2013 20:00,11/25/2013 20:00,0.00
60,1,60,1,90,Box,11/25/2013 20:00,11/25/2013 20:00,0.00
61,1,61,1,90,Box,11/25/2013 20:00,11/25/2013 20:00,0.00
62,1,62,1,90,Box,11/25/2013 20:00,11/25/2013 20:00,0.00
63,1,63,1,90,Box,11/25/2013 20:00,11/25/2013 20:00,0.00
64,1,64,1,90,Box,11/25/2013 20:00,11/25/2013 20:00,0.00
65,1,65,1,90,Box,11/25/2013 20:00,11/25/2013 20:00,0.00
66,1,66,1,90,Box,11/25/2013 20:00,11/25/2013 20:00,0.00
67,1,67,1,90,Box,11/25/2013 20:00,11/25/2013 20:00,0.00
68,1,68,1,90,Box,11/25/2013 20:00,11/25/2013 20:00,0.00
69,1,69,1,90,Box,11/25/2013 20:00,11/25/2013 20:00,0.00
70,1,70,1,90,Box,11/25/2013 20:00,11/25/2013 20:00,0.00
71,1,71,1,90,Box,11/25/2013 20:00,11/25/2013 20:00,0.00
72,1,72,1,90,Box,11/25/2013 20:00,11/25/2013 20:00,0.00
73,1,73,1,90,Box,11/25/2013 20:00,11/25/2013 20:00,0.00
74,1,74,1,90,Box,11/25/2013 20:00,11/25/2013 20:00,0.00
75,1,75,1,90,Box,12/16/2013 14:39,11/25/2013 20:00,0.00
76,1,76,1,90,Box,12/16/2013 14:40,12/16/2013 14:40,0.00
